{"eta_seconds": 256.3199889574753, "fast_rcnn/cls_accuracy": 0.71875, "fast_rcnn/false_negative": 0.9607843137254902, "fast_rcnn/fg_cls_accuracy": 0.0392156862745098, "iteration": 4, "mask_rcnn/accuracy": 0.35015117157974296, "mask_rcnn/false_negative": 1.0, "mask_rcnn/false_positive": 0.0, "roi_head/num_bg_samples": 103.5, "roi_head/num_fg_samples": 24.5, "rpn/num_neg_anchors": 239.0, "rpn/num_pos_anchors": 17.0}
{"data_time": 0.01238846550040762, "iteration": 3, "loss_box_reg": 0.6612850427627563, "loss_cls": 0.6287342607975006, "loss_mask": 0.6992510259151459, "loss_rpn_cls": 0.04435877688229084, "loss_rpn_loc": 0.018178846687078476, "loss_sem_seg": 3.5928518772125244, "lr": 9.992500000000002e-07, "time": 0.8688813184999162, "total_loss": 5.689965281635523}
